block_id	kind	legal_states
botanypots:black_concrete_botany_pot	basic	128
botanypots:black_concrete_hopper_botany_pot	hopper	128
botanypots:black_concrete_waxed_botany_pot	waxed	128
botanypots:black_glazed_terracotta_botany_pot	basic	128
botanypots:black_glazed_terracotta_hopper_botany_pot	hopper	128
botanypots:black_glazed_terracotta_waxed_botany_pot	waxed	128
botanypots:black_terracotta_botany_pot	basic	128
botanypots:black_terracotta_hopper_botany_pot	hopper	128
botanypots:black_terracotta_waxed_botany_pot	waxed	128
botanypots:blue_concrete_botany_pot	basic	128
botanypots:blue_concrete_hopper_botany_pot	hopper	128
botanypots:blue_concrete_waxed_botany_pot	waxed	128
botanypots:blue_glazed_terracotta_botany_pot	basic	128
botanypots:blue_glazed_terracotta_hopper_botany_pot	hopper	128
botanypots:blue_glazed_terracotta_waxed_botany_pot	waxed	128
botanypots:blue_terracotta_botany_pot	basic	128
botanypots:blue_terracotta_hopper_botany_pot	hopper	128
botanypots:blue_terracotta_waxed_botany_pot	waxed	128
botanypots:bricks_botany_pot	basic	128
botanypots:bricks_hopper_botany_pot	hopper	128
botanypots:bricks_waxed_botany_pot	waxed	128
botanypots:brown_concrete_botany_pot	basic	128
botanypots:brown_concrete_hopper_botany_pot	hopper	128
botanypots:brown_concrete_waxed_botany_pot	waxed	128
botanypots:brown_glazed_terracotta_botany_pot	basic	128
botanypots:brown_glazed_terracotta_hopper_botany_pot	hopper	128
botanypots:brown_glazed_terracotta_waxed_botany_pot	waxed	128
botanypots:brown_terracotta_botany_pot	basic	128
botanypots:brown_terracotta_hopper_botany_pot	hopper	128
botanypots:brown_terracotta_waxed_botany_pot	waxed	128
botanypots:cyan_concrete_botany_pot	basic	128
botanypots:cyan_concrete_hopper_botany_pot	hopper	128
botanypots:cyan_concrete_waxed_botany_pot	waxed	128
botanypots:cyan_glazed_terracotta_botany_pot	basic	128
botanypots:cyan_glazed_terracotta_hopper_botany_pot	hopper	128
botanypots:cyan_glazed_terracotta_waxed_botany_pot	waxed	128
botanypots:cyan_terracotta_botany_pot	basic	128
botanypots:cyan_terracotta_hopper_botany_pot	hopper	128
botanypots:cyan_terracotta_waxed_botany_pot	waxed	128
botanypots:deepslate_bricks_botany_pot	basic	128
botanypots:deepslate_bricks_hopper_botany_pot	hopper	128
botanypots:deepslate_bricks_waxed_botany_pot	waxed	128
botanypots:end_stone_bricks_botany_pot	basic	128
botanypots:end_stone_bricks_hopper_botany_pot	hopper	128
botanypots:end_stone_bricks_waxed_botany_pot	waxed	128
botanypots:gray_concrete_botany_pot	basic	128
botanypots:gray_concrete_hopper_botany_pot	hopper	128
botanypots:gray_concrete_waxed_botany_pot	waxed	128
botanypots:gray_glazed_terracotta_botany_pot	basic	128
botanypots:gray_glazed_terracotta_hopper_botany_pot	hopper	128
botanypots:gray_glazed_terracotta_waxed_botany_pot	waxed	128
botanypots:gray_terracotta_botany_pot	basic	128
botanypots:gray_terracotta_hopper_botany_pot	hopper	128
botanypots:gray_terracotta_waxed_botany_pot	waxed	128
botanypots:green_concrete_botany_pot	basic	128
botanypots:green_concrete_hopper_botany_pot	hopper	128
botanypots:green_concrete_waxed_botany_pot	waxed	128
botanypots:green_glazed_terracotta_botany_pot	basic	128
botanypots:green_glazed_terracotta_hopper_botany_pot	hopper	128
botanypots:green_glazed_terracotta_waxed_botany_pot	waxed	128
botanypots:green_terracotta_botany_pot	basic	128
botanypots:green_terracotta_hopper_botany_pot	hopper	128
botanypots:green_terracotta_waxed_botany_pot	waxed	128
botanypots:light_blue_concrete_botany_pot	basic	128
botanypots:light_blue_concrete_hopper_botany_pot	hopper	128
botanypots:light_blue_concrete_waxed_botany_pot	waxed	128
botanypots:light_blue_glazed_terracotta_botany_pot	basic	128
botanypots:light_blue_glazed_terracotta_hopper_botany_pot	hopper	128
botanypots:light_blue_glazed_terracotta_waxed_botany_pot	waxed	128
botanypots:light_blue_terracotta_botany_pot	basic	128
botanypots:light_blue_terracotta_hopper_botany_pot	hopper	128
botanypots:light_blue_terracotta_waxed_botany_pot	waxed	128
botanypots:light_gray_concrete_botany_pot	basic	128
botanypots:light_gray_concrete_hopper_botany_pot	hopper	128
botanypots:light_gray_concrete_waxed_botany_pot	waxed	128
botanypots:light_gray_glazed_terracotta_botany_pot	basic	128
botanypots:light_gray_glazed_terracotta_hopper_botany_pot	hopper	128
botanypots:light_gray_glazed_terracotta_waxed_botany_pot	waxed	128
botanypots:light_gray_terracotta_botany_pot	basic	128
botanypots:light_gray_terracotta_hopper_botany_pot	hopper	128
botanypots:light_gray_terracotta_waxed_botany_pot	waxed	128
botanypots:lime_concrete_botany_pot	basic	128
botanypots:lime_concrete_hopper_botany_pot	hopper	128
botanypots:lime_concrete_waxed_botany_pot	waxed	128
botanypots:lime_glazed_terracotta_botany_pot	basic	128
botanypots:lime_glazed_terracotta_hopper_botany_pot	hopper	128
botanypots:lime_glazed_terracotta_waxed_botany_pot	waxed	128
botanypots:lime_terracotta_botany_pot	basic	128
botanypots:lime_terracotta_hopper_botany_pot	hopper	128
botanypots:lime_terracotta_waxed_botany_pot	waxed	128
botanypots:magenta_concrete_botany_pot	basic	128
botanypots:magenta_concrete_hopper_botany_pot	hopper	128
botanypots:magenta_concrete_waxed_botany_pot	waxed	128
botanypots:magenta_glazed_terracotta_botany_pot	basic	128
botanypots:magenta_glazed_terracotta_hopper_botany_pot	hopper	128
botanypots:magenta_glazed_terracotta_waxed_botany_pot	waxed	128
botanypots:magenta_terracotta_botany_pot	basic	128
botanypots:magenta_terracotta_hopper_botany_pot	hopper	128
botanypots:magenta_terracotta_waxed_botany_pot	waxed	128
botanypots:mossy_stone_bricks_botany_pot	basic	128
botanypots:mossy_stone_bricks_hopper_botany_pot	hopper	128
botanypots:mossy_stone_bricks_waxed_botany_pot	waxed	128
botanypots:mud_bricks_botany_pot	basic	128
botanypots:mud_bricks_hopper_botany_pot	hopper	128
botanypots:mud_bricks_waxed_botany_pot	waxed	128
botanypots:nether_bricks_botany_pot	basic	128
botanypots:nether_bricks_hopper_botany_pot	hopper	128
botanypots:nether_bricks_waxed_botany_pot	waxed	128
botanypots:orange_concrete_botany_pot	basic	128
botanypots:orange_concrete_hopper_botany_pot	hopper	128
botanypots:orange_concrete_waxed_botany_pot	waxed	128
botanypots:orange_glazed_terracotta_botany_pot	basic	128
botanypots:orange_glazed_terracotta_hopper_botany_pot	hopper	128
botanypots:orange_glazed_terracotta_waxed_botany_pot	waxed	128
botanypots:orange_terracotta_botany_pot	basic	128
botanypots:orange_terracotta_hopper_botany_pot	hopper	128
botanypots:orange_terracotta_waxed_botany_pot	waxed	128
botanypots:pink_concrete_botany_pot	basic	128
botanypots:pink_concrete_hopper_botany_pot	hopper	128
botanypots:pink_concrete_waxed_botany_pot	waxed	128
botanypots:pink_glazed_terracotta_botany_pot	basic	128
botanypots:pink_glazed_terracotta_hopper_botany_pot	hopper	128
botanypots:pink_glazed_terracotta_waxed_botany_pot	waxed	128
botanypots:pink_terracotta_botany_pot	basic	128
botanypots:pink_terracotta_hopper_botany_pot	hopper	128
botanypots:pink_terracotta_waxed_botany_pot	waxed	128
botanypots:polished_blackstone_bricks_botany_pot	basic	128
botanypots:polished_blackstone_bricks_hopper_botany_pot	hopper	128
botanypots:polished_blackstone_bricks_waxed_botany_pot	waxed	128
botanypots:prismarine_bricks_botany_pot	basic	128
botanypots:prismarine_bricks_hopper_botany_pot	hopper	128
botanypots:prismarine_bricks_waxed_botany_pot	waxed	128
botanypots:purple_concrete_botany_pot	basic	128
botanypots:purple_concrete_hopper_botany_pot	hopper	128
botanypots:purple_concrete_waxed_botany_pot	waxed	128
botanypots:purple_glazed_terracotta_botany_pot	basic	128
botanypots:purple_glazed_terracotta_hopper_botany_pot	hopper	128
botanypots:purple_glazed_terracotta_waxed_botany_pot	waxed	128
botanypots:purple_terracotta_botany_pot	basic	128
botanypots:purple_terracotta_hopper_botany_pot	hopper	128
botanypots:purple_terracotta_waxed_botany_pot	waxed	128
botanypots:quartz_bricks_botany_pot	basic	128
botanypots:quartz_bricks_hopper_botany_pot	hopper	128
botanypots:quartz_bricks_waxed_botany_pot	waxed	128
botanypots:red_concrete_botany_pot	basic	128
botanypots:red_concrete_hopper_botany_pot	hopper	128
botanypots:red_concrete_waxed_botany_pot	waxed	128
botanypots:red_glazed_terracotta_botany_pot	basic	128
botanypots:red_glazed_terracotta_hopper_botany_pot	hopper	128
botanypots:red_glazed_terracotta_waxed_botany_pot	waxed	128
botanypots:red_nether_bricks_botany_pot	basic	128
botanypots:red_nether_bricks_hopper_botany_pot	hopper	128
botanypots:red_nether_bricks_waxed_botany_pot	waxed	128
botanypots:red_terracotta_botany_pot	basic	128
botanypots:red_terracotta_hopper_botany_pot	hopper	128
botanypots:red_terracotta_waxed_botany_pot	waxed	128
botanypots:stone_bricks_botany_pot	basic	128
botanypots:stone_bricks_hopper_botany_pot	hopper	128
botanypots:stone_bricks_waxed_botany_pot	waxed	128
botanypots:terracotta_botany_pot	basic	128
botanypots:terracotta_hopper_botany_pot	hopper	128
botanypots:terracotta_waxed_botany_pot	waxed	128
botanypots:tuff_bricks_botany_pot	basic	128
botanypots:tuff_bricks_hopper_botany_pot	hopper	128
botanypots:tuff_bricks_waxed_botany_pot	waxed	128
botanypots:white_concrete_botany_pot	basic	128
botanypots:white_concrete_hopper_botany_pot	hopper	128
botanypots:white_concrete_waxed_botany_pot	waxed	128
botanypots:white_glazed_terracotta_botany_pot	basic	128
botanypots:white_glazed_terracotta_hopper_botany_pot	hopper	128
botanypots:white_glazed_terracotta_waxed_botany_pot	waxed	128
botanypots:white_terracotta_botany_pot	basic	128
botanypots:white_terracotta_hopper_botany_pot	hopper	128
botanypots:white_terracotta_waxed_botany_pot	waxed	128
botanypots:yellow_concrete_botany_pot	basic	128
botanypots:yellow_concrete_hopper_botany_pot	hopper	128
botanypots:yellow_concrete_waxed_botany_pot	waxed	128
botanypots:yellow_glazed_terracotta_botany_pot	basic	128
botanypots:yellow_glazed_terracotta_hopper_botany_pot	hopper	128
botanypots:yellow_glazed_terracotta_waxed_botany_pot	waxed	128
botanypots:yellow_terracotta_botany_pot	basic	128
botanypots:yellow_terracotta_hopper_botany_pot	hopper	128
botanypots:yellow_terracotta_waxed_botany_pot	waxed	128
